Model,Accuracy,Balanced Acc,Weighted F1,Macro F1,Kappa,Training Time (s)
Logistic Regression,0.852,0.8031002169026772,0.8594380270479606,0.7632170115926623,0.7094729485943791,0.07631635665893555
SVM,0.821,0.6557825515857354,0.8219470757212702,0.6673362511946149,0.6265231180103488,0.37642812728881836
XGBoost,0.83,0.6761089984678987,0.8319899951456419,0.6909879168552178,0.6466041779701359,1.1825451850891113
Deep Learning,0.817,0.7758280639069352,0.8294107992241608,0.7126644518550088,0.6539445592709765,1.6613259315490723
