{
  "test_accuracy": 0.824,
  "test_balanced_accuracy": 0.7014007659810844,
  "test_f1_weighted": 0.8304962874620752,
  "test_f1_macro": 0.7008754156261725,
  "test_kappa": 0.6464791533175722,
  "baseline_accuracy": 0.813,
  "improvement_over_baseline": 1.100000000000001,
  "best_params": {
    "subsample": 1.0,
    "reg_lambda": 2,
    "reg_alpha": 0,
    "n_estimators": 300,
    "min_child_weight": 3,
    "max_depth": 4,
    "learning_rate": 0.05,
    "gamma": 0.4,
    "colsample_bytree": 0.7
  },
  "best_cv_score": 0.7020606553781933,
  "best_iteration": 299,
  "n_features": 55,
  "n_train_samples": 4000,
  "n_test_samples": 1000
}